model_name,label,x,y,z,r2_0,r2_1,r2_2,r2_3
model_0,env,0,0,0,0.6258007682818019,0.6259429206206567,0.6257786110497464,0.6257960340862869
model_0,env,1,0,0,0.8786294294001794,0.8784000711795434,0.8786955193720121,0.8785949376526228
model_0,env,2,0,0,0.925689942642663,0.9254879016658698,0.925684137867811,0.925325847340689
model_0,env,3,0,0,0.9365641570011084,0.9368359892113284,0.9366068562279397,0.9365365920542341
model_0,env,4,0,0,0.9468498196901663,0.9465897749289367,0.9464750129181329,0.9463297705214533
model_0,env,5,0,0,0.9568094837077792,0.9561094117402787,0.9561406329915327,0.9566215486926463
model_0,env,1,1,1,0.8816953467907415,0.8817282778602644,0.8819311230598805,0.8821056229649717
model_0,env,5,1,1,0.9564423165841038,0.956358161585303,0.9559255251562954,0.9562436195153365
model_0,env,4,2,2,0.9470347276669591,0.9469394534470339,0.9465709834567472,0.946334573120036
model_0,env,4,4,4,0.9464223101552176,0.9463025642394453,0.9458120476613195,0.9457937593761818
model_0,env,2,2,2,0.9263097710462213,0.9256914111987657,0.9260609170662857,0.9262594699817722
model_1,env,0,0,0,0.6258008133347264,0.6259441764746312,0.6257799028495694,0.6257961133606051
model_1,env,1,0,0,0.8673149759625022,0.8671332708489068,0.8675305940255709,0.8674160382749866
model_1,env,2,0,0,0.9212733041172322,0.9210313909788871,0.9212044398222016,0.9216939162884638
model_1,env,3,0,0,0.9345215372981923,0.9347545573093213,0.9345077829041497,0.9346035788612836
model_1,env,4,0,0,0.9481544662424014,0.9485345716276162,0.9479620154653201,0.9483763198900808
model_1,env,5,0,0,0.9564199473721812,0.9565298870916529,0.9558781372613027,0.9563607605981762
model_1,env,1,1,1,0.8683346669310111,0.8689996849729111,0.8682042283182597,0.8693063898454155
model_1,env,5,1,1,0.9558141771897111,0.9559433029349059,0.9555753149100599,0.9556904168734948
model_1,env,4,2,2,0.9472314962619978,0.9473292362304953,0.9467953875365192,0.9473278303198012
model_1,env,4,4,4,0.9466793534423421,0.9467006801295521,0.9463644609295935,0.9467131492135663
model_1,env,2,2,2,0.920197304546711,0.9202756399047154,0.9205288487365844,0.9202498347540395
model_2,env,0,0,0,0.6258007682818019,0.6259429206206567,0.6257786110497464,0.6257960340862869
model_2,env,1,0,0,0.8786294294001794,0.8784000711795434,0.8786955193720121,0.8785949376526228
model_2,env,2,0,0,0.925689942642663,0.9254879016658698,0.925684137867811,0.925325847340689
model_2,env,3,0,0,0.9365641570011084,0.9368359892113284,0.9366068562279397,0.9365365920542341
model_2,env,4,0,0,0.9468498196901663,0.9465897749289367,0.9464750129181329,0.9463297705214533
model_2,env,5,0,0,0.9568094837077792,0.9561094117402787,0.9561406329915327,0.9566215486926463
model_2,env,1,1,1,0.8816953467907415,0.8817282778602644,0.8819311230598805,0.8821056229649717
model_2,env,5,1,1,0.9564423165841038,0.956358161585303,0.9559255251562954,0.9562436195153365
model_2,env,4,2,2,0.9470347276669591,0.9469394534470339,0.9465709834567472,0.946334573120036
model_2,env,4,4,4,0.9464223101552176,0.9463025642394453,0.9458120476613195,0.9457937593761818
model_2,env,2,2,2,0.9263097710462213,0.9256914111987657,0.9260609170662857,0.9262594699817722
model_3,env,0,0,0,0.6258008133347264,0.6259441764746312,0.6257799028495694,0.6257961133606051
model_3,env,1,0,0,0.8673149759625022,0.8671332708489068,0.8675305940255709,0.8674160382749866
model_3,env,2,0,0,0.9212733041172322,0.9210313909788871,0.9212044398222016,0.9216939162884638
model_3,env,3,0,0,0.9345215372981923,0.9347545573093213,0.9345077829041497,0.9346035788612836
model_3,env,4,0,0,0.9481544662424014,0.9485345716276162,0.9479620154653201,0.9483763198900808
model_3,env,5,0,0,0.9564199473721812,0.9565298870916529,0.9558781372613027,0.9563607605981762
model_3,env,1,1,1,0.8683346669310111,0.8689996849729111,0.8682042283182597,0.8693063898454155
model_3,env,5,1,1,0.9558141771897111,0.9559433029349059,0.9555753149100599,0.9556904168734948
model_3,env,4,2,2,0.9472314962619978,0.9473292362304953,0.9467953875365192,0.9473278303198012
model_3,env,4,4,4,0.9466793534423421,0.9467006801295521,0.9463644609295935,0.9467131492135663
model_3,env,2,2,2,0.920197304546711,0.9202756399047154,0.9205288487365844,0.9202498347540395
model_4,env,0,0,0,0.6258007682818019,0.6259429206206567,0.6257786110497464,0.6257960340862869
model_4,env,1,0,0,0.8786294294001794,0.8784000711795434,0.8786955193720121,0.8785949376526228
model_4,env,2,0,0,0.925689942642663,0.9254879016658698,0.925684137867811,0.925325847340689
model_4,env,3,0,0,0.9365641570011084,0.9368359892113284,0.9366068562279397,0.9365365920542341
model_4,env,4,0,0,0.9468498196901663,0.9465897749289367,0.9464750129181329,0.9463297705214533
model_4,env,5,0,0,0.9568094837077792,0.9561094117402787,0.9561406329915327,0.9566215486926463
model_4,env,1,1,1,0.8816953467907415,0.8817282778602644,0.8819311230598805,0.8821056229649717
model_4,env,5,1,1,0.9564423165841038,0.956358161585303,0.9559255251562954,0.9562436195153365
model_4,env,4,2,2,0.9470347276669591,0.9469394534470339,0.9465709834567472,0.946334573120036
model_4,env,4,4,4,0.9464223101552176,0.9463025642394453,0.9458120476613195,0.9457937593761818
model_4,env,2,2,2,0.9263097710462213,0.9256914111987657,0.9260609170662857,0.9262594699817722
model_5,env,0,0,0,0.6258008133347264,0.6259441764746312,0.6257799028495694,0.6257961133606051
model_5,env,1,0,0,0.8673149759625022,0.8671332708489068,0.8675305940255709,0.8674160382749866
model_5,env,2,0,0,0.9212733041172322,0.9210313909788871,0.9212044398222016,0.9216939162884638
model_5,env,3,0,0,0.9345215372981923,0.9347545573093213,0.9345077829041497,0.9346035788612836
model_5,env,4,0,0,0.9481544662424014,0.9485345716276162,0.9479620154653201,0.9483763198900808
model_5,env,5,0,0,0.9564199473721812,0.9565298870916529,0.9558781372613027,0.9563607605981762
model_5,env,1,1,1,0.8683346669310111,0.8689996849729111,0.8682042283182597,0.8693063898454155
model_5,env,5,1,1,0.9558141771897111,0.9559433029349059,0.9555753149100599,0.9556904168734948
model_5,env,4,2,2,0.9472314962619978,0.9473292362304953,0.9467953875365192,0.9473278303198012
model_5,env,4,4,4,0.9466793534423421,0.9467006801295521,0.9463644609295935,0.9467131492135663
model_5,env,2,2,2,0.920197304546711,0.9202756399047154,0.9205288487365844,0.9202498347540395
model_6,env,0,0,0,0.6258007682818019,0.6259429206206567,0.6257786110497464,0.6257960340862869
model_6,env,1,0,0,0.8786294294001794,0.8784000711795434,0.8786955193720121,0.8785949376526228
model_6,env,2,0,0,0.925689942642663,0.9254879016658698,0.925684137867811,0.925325847340689
model_6,env,3,0,0,0.9365641570011084,0.9368359892113284,0.9366068562279397,0.9365365920542341
model_6,env,4,0,0,0.9468498196901663,0.9465897749289367,0.9464750129181329,0.9463297705214533
model_6,env,5,0,0,0.9568094837077792,0.9561094117402787,0.9561406329915327,0.9566215486926463
model_6,env,1,1,1,0.8816953467907415,0.8817282778602644,0.8819311230598805,0.8821056229649717
model_6,env,5,1,1,0.9564423165841038,0.956358161585303,0.9559255251562954,0.9562436195153365
model_6,env,4,2,2,0.9470347276669591,0.9469394534470339,0.9465709834567472,0.946334573120036
model_6,env,4,4,4,0.9464223101552176,0.9463025642394453,0.9458120476613195,0.9457937593761818
model_6,env,2,2,2,0.9263097710462213,0.9256914111987657,0.9260609170662857,0.9262594699817722
model_7,env,0,0,0,0.6258008133347264,0.6259441764746312,0.6257799028495694,0.6257961133606051
model_7,env,1,0,0,0.8673149759625022,0.8671332708489068,0.8675305940255709,0.8674160382749866
model_7,env,2,0,0,0.9212733041172322,0.9210313909788871,0.9212044398222016,0.9216939162884638
model_7,env,3,0,0,0.9345215372981923,0.9347545573093213,0.9345077829041497,0.9346035788612836
model_7,env,4,0,0,0.9481544662424014,0.9485345716276162,0.9479620154653201,0.9483763198900808
model_7,env,5,0,0,0.9564199473721812,0.9565298870916529,0.9558781372613027,0.9563607605981762
model_7,env,1,1,1,0.8683346669310111,0.8689996849729111,0.8682042283182597,0.8693063898454155
model_7,env,5,1,1,0.9558141771897111,0.9559433029349059,0.9555753149100599,0.9556904168734948
model_7,env,4,2,2,0.9472314962619978,0.9473292362304953,0.9467953875365192,0.9473278303198012
model_7,env,4,4,4,0.9466793534423421,0.9467006801295521,0.9463644609295935,0.9467131492135663
model_7,env,2,2,2,0.920197304546711,0.9202756399047154,0.9205288487365844,0.9202498347540395
model_8,env,0,0,0,0.6257976481446353,0.6259401035994798,0.6257744339130191,0.6257904245072387
model_8,env,1,0,0,0.873816304409763,0.8739320968819979,0.873877359053055,0.8737077257965016
model_8,env,2,0,0,0.9210029845752394,0.9214722004394125,0.9214218390063924,0.920850064408767
model_8,env,3,0,0,0.9319520360864262,0.9314266989470448,0.9318096957168498,0.9320046205745487
model_8,env,4,0,0,0.9420652793276351,0.9405287712352783,0.9409848812508781,0.9411563343085279
model_8,env,5,0,0,0.9489369598726672,0.9491859383678072,0.9494107674511905,0.9498457223836081
model_8,env,1,1,1,0.8741332470284515,0.8743492517835592,0.8745035668019888,0.8732220566215223
model_8,env,5,1,1,0.9479541391281308,0.948712955228789,0.9486768761093413,0.9481634360000425
model_8,env,4,2,2,0.9400947560546363,0.9389941327647718,0.9408263317325205,0.9406274868073099
model_8,env,4,4,4,0.9397726180936029,0.9400048087529917,0.9398623820516786,0.9411740756488614
model_8,env,2,2,2,0.919702483993254,0.9198513744548158,0.918690446781054,0.9194470354715119
model_9,env,0,0,0,0.6257975359682381,0.6259395759710313,0.6257743622919816,0.6257908128179823
model_9,env,1,0,0,0.8419612779789516,0.8415566432246279,0.8424423027846404,0.8417395378367333
model_9,env,2,0,0,0.8992666477870948,0.8992221562696021,0.8980346266077033,0.8983735230359383
model_9,env,3,0,0,0.9118126360170739,0.9117685647104598,0.9113081719143995,0.9112353335468683
model_9,env,4,0,0,0.9220645068237918,0.9226481293808723,0.9217907681972395,0.9220458903981238
model_9,env,5,0,0,0.9290466183392979,0.9302873262486339,0.9286137524887298,0.9283787015687458
model_9,env,1,1,1,0.8276540318572153,0.8284498307155839,0.8281451991418101,0.8299115329792693
model_9,env,5,1,1,0.9258322298004279,0.927114711079388,0.926039342972098,0.9254146896625999
model_9,env,4,2,2,0.9149487301062332,0.9168028497583801,0.9144394375360485,0.9152010082003433
model_9,env,4,4,4,0.9115642754693754,0.9125846881871228,0.9106740634976357,0.9118171950191051
model_9,env,2,2,2,0.8868611419450598,0.8869293491033505,0.8861460944157293,0.8878626823189364
model_10,env,0,0,0,0.6257976481446353,0.6259401035994798,0.6257744339130191,0.6257904245072387
model_10,env,1,0,0,0.873816304409763,0.8739320968819979,0.873877359053055,0.8737077257965016
model_10,env,2,0,0,0.9210029845752394,0.9214722004394125,0.9214218390063924,0.920850064408767
model_10,env,3,0,0,0.9319520360864262,0.9314266989470448,0.9318096957168498,0.9320046205745487
model_10,env,4,0,0,0.9420652793276351,0.9405287712352783,0.9409848812508781,0.9411563343085279
model_10,env,5,0,0,0.9489369598726672,0.9491859383678072,0.9494107674511905,0.9498457223836081
model_10,env,1,1,1,0.8741332470284515,0.8743492517835592,0.8745035668019888,0.8732220566215223
model_10,env,5,1,1,0.9479541391281308,0.948712955228789,0.9486768761093413,0.9481634360000425
model_10,env,4,2,2,0.9400947560546363,0.9389941327647718,0.9408263317325205,0.9406274868073099
model_10,env,4,4,4,0.9397726180936029,0.9400048087529917,0.9398623820516786,0.9411740756488614
model_10,env,2,2,2,0.919702483993254,0.9198513744548158,0.918690446781054,0.9194470354715119
model_11,env,0,0,0,0.6257975359682381,0.6259395759710313,0.6257743622919816,0.6257908128179823
model_11,env,1,0,0,0.8419612779789516,0.8415566432246279,0.8424423027846404,0.8417395378367333
model_11,env,2,0,0,0.8992666477870948,0.8992221562696021,0.8980346266077033,0.8983735230359383
model_11,env,3,0,0,0.9118126360170739,0.9117685647104598,0.9113081719143995,0.9112353335468683
model_11,env,4,0,0,0.9220645068237918,0.9226481293808723,0.9217907681972395,0.9220458903981238
model_11,env,5,0,0,0.9290466183392979,0.9302873262486339,0.9286137524887298,0.9283787015687458
model_11,env,1,1,1,0.8276540318572153,0.8284498307155839,0.8281451991418101,0.8299115329792693
model_11,env,5,1,1,0.9258322298004279,0.927114711079388,0.926039342972098,0.9254146896625999
model_11,env,4,2,2,0.9149487301062332,0.9168028497583801,0.9144394375360485,0.9152010082003433
model_11,env,4,4,4,0.9115642754693754,0.9125846881871228,0.9106740634976357,0.9118171950191051
model_11,env,2,2,2,0.8868611419450598,0.8869293491033505,0.8861460944157293,0.8878626823189364
model_12,env,0,0,0,0.6257976481446353,0.6259401035994798,0.6257744339130191,0.6257904245072387
model_12,env,1,0,0,0.873816304409763,0.8739320968819979,0.873877359053055,0.8737077257965016
model_12,env,2,0,0,0.9210029845752394,0.9214722004394125,0.9214218390063924,0.920850064408767
model_12,env,3,0,0,0.9319520360864262,0.9314266989470448,0.9318096957168498,0.9320046205745487
model_12,env,4,0,0,0.9420652793276351,0.9405287712352783,0.9409848812508781,0.9411563343085279
model_12,env,5,0,0,0.9489369598726672,0.9491859383678072,0.9494107674511905,0.9498457223836081
model_12,env,1,1,1,0.8741332470284515,0.8743492517835592,0.8745035668019888,0.8732220566215223
model_12,env,5,1,1,0.9479541391281308,0.948712955228789,0.9486768761093413,0.9481634360000425
model_12,env,4,2,2,0.9400947560546363,0.9389941327647718,0.9408263317325205,0.9406274868073099
model_12,env,4,4,4,0.9397726180936029,0.9400048087529917,0.9398623820516786,0.9411740756488614
model_12,env,2,2,2,0.919702483993254,0.9198513744548158,0.918690446781054,0.9194470354715119
model_13,env,0,0,0,0.6257975359682381,0.6259395759710313,0.6257743622919816,0.6257908128179823
model_13,env,1,0,0,0.8419612779789516,0.8415566432246279,0.8424423027846404,0.8417395378367333
model_13,env,2,0,0,0.8992666477870948,0.8992221562696021,0.8980346266077033,0.8983735230359383
model_13,env,3,0,0,0.9118126360170739,0.9117685647104598,0.9113081719143995,0.9112353335468683
model_13,env,4,0,0,0.9220645068237918,0.9226481293808723,0.9217907681972395,0.9220458903981238
model_13,env,5,0,0,0.9290466183392979,0.9302873262486339,0.9286137524887298,0.9283787015687458
model_13,env,1,1,1,0.8276540318572153,0.8284498307155839,0.8281451991418101,0.8299115329792693
model_13,env,5,1,1,0.9258322298004279,0.927114711079388,0.926039342972098,0.9254146896625999
model_13,env,4,2,2,0.9149487301062332,0.9168028497583801,0.9144394375360485,0.9152010082003433
model_13,env,4,4,4,0.9115642754693754,0.9125846881871228,0.9106740634976357,0.9118171950191051
model_13,env,2,2,2,0.8868611419450598,0.8869293491033505,0.8861460944157293,0.8878626823189364
model_14,env,0,0,0,0.6257976481446353,0.6259401035994798,0.6257744339130191,0.6257904245072387
model_14,env,1,0,0,0.873816304409763,0.8739320968819979,0.873877359053055,0.8737077257965016
model_14,env,2,0,0,0.9210029845752394,0.9214722004394125,0.9214218390063924,0.920850064408767
model_14,env,3,0,0,0.9319520360864262,0.9314266989470448,0.9318096957168498,0.9320046205745487
model_14,env,4,0,0,0.9420652793276351,0.9405287712352783,0.9409848812508781,0.9411563343085279
model_14,env,5,0,0,0.9489369598726672,0.9491859383678072,0.9494107674511905,0.9498457223836081
model_14,env,1,1,1,0.8741332470284515,0.8743492517835592,0.8745035668019888,0.8732220566215223
model_14,env,5,1,1,0.9479541391281308,0.948712955228789,0.9486768761093413,0.9481634360000425
model_14,env,4,2,2,0.9400947560546363,0.9389941327647718,0.9408263317325205,0.9406274868073099
model_14,env,4,4,4,0.9397726180936029,0.9400048087529917,0.9398623820516786,0.9411740756488614
model_14,env,2,2,2,0.919702483993254,0.9198513744548158,0.918690446781054,0.9194470354715119
model_15,env,0,0,0,0.6257975359682381,0.6259395759710313,0.6257743622919816,0.6257908128179823
model_15,env,1,0,0,0.8419612779789516,0.8415566432246279,0.8424423027846404,0.8417395378367333
model_15,env,2,0,0,0.8992666477870948,0.8992221562696021,0.8980346266077033,0.8983735230359383
model_15,env,3,0,0,0.9118126360170739,0.9117685647104598,0.9113081719143995,0.9112353335468683
model_15,env,4,0,0,0.9220645068237918,0.9226481293808723,0.9217907681972395,0.9220458903981238
model_15,env,5,0,0,0.9290466183392979,0.9302873262486339,0.9286137524887298,0.9283787015687458
model_15,env,1,1,1,0.8276540318572153,0.8284498307155839,0.8281451991418101,0.8299115329792693
model_15,env,5,1,1,0.9258322298004279,0.927114711079388,0.926039342972098,0.9254146896625999
model_15,env,4,2,2,0.9149487301062332,0.9168028497583801,0.9144394375360485,0.9152010082003433
model_15,env,4,4,4,0.9115642754693754,0.9125846881871228,0.9106740634976357,0.9118171950191051
model_15,env,2,2,2,0.8868611419450598,0.8869293491033505,0.8861460944157293,0.8878626823189364
model_16,env,0,0,0,-2.0781999792031445,-2.0750431699794856,-2.077668273961665,-2.0786302026141446
model_16,env,1,0,0,-2.0580309595031054,-2.055886267905587,-2.0602082125392536,-2.0601064068594273
model_16,env,2,0,0,-2.0422504482800505,-2.0462514399071314,-2.048388175854091,-2.050530941893506
model_16,env,3,0,0,-2.038398770627317,-2.04682475412589,-2.0411557182801556,-2.053869433050395
model_16,env,4,0,0,-2.0429578463502076,-2.0487816802572745,-2.042729201763039,-2.0481680934004864
model_16,env,5,0,0,-2.0421029631551524,-2.0493883380309397,-2.0452268344672784,-2.048825571037266
model_16,env,1,1,1,-2.0581723138355215,-2.056215716866194,-2.052045913842455,-2.0590157383748853
model_16,env,5,1,1,-2.042129749323744,-2.048723203035699,-2.047237182781576,-2.048825571037266
model_16,env,4,2,2,-2.0430104527858357,-2.048851323577758,-2.0471864970672313,-2.0481581191670863
model_16,env,4,4,4,-2.043095578037343,-2.048879464381578,-2.0471734191757336,-2.0481581191670863
model_16,env,2,2,2,-2.042974394286214,-2.050916122578188,-2.0499413662442008,-2.050678955434152
model_17,env,0,0,0,-1.986195973008213,-1.9785152804423847,-1.9856818104242433,-1.983579034571481
model_17,env,1,0,0,-1.9042548029824151,-1.8897424200846045,-1.9058838687238797,-1.8941252638187152
model_17,env,2,0,0,-1.8997255811258857,-1.900221865916555,-1.8894310393677114,-1.9069995648066644
model_17,env,3,0,0,-1.9063991999167076,-1.9238613624346574,-1.9112230386638513,-1.9066502161015322
model_17,env,4,0,0,-1.925684056190434,-1.9377429634971022,-1.9145288393546163,-1.9295226561505179
model_17,env,5,0,0,-1.9219359108510434,-1.9450484017179939,-1.9282014229206816,-1.9470864426131356
model_17,env,1,1,1,-1.9727192128060804,-1.9720250543536322,-1.9784053775463133,-1.9807536598288413
model_17,env,5,1,1,-1.963624027435455,-1.96419522926967,-1.9672829171279131,-1.9770273922051054
model_17,env,4,2,2,-1.9682606631490573,-1.9740976689993057,-1.9683668646889423,-1.9502390442268416
model_17,env,4,4,4,-2.00058377397706,-1.9803973026667832,-2.0047830506852566,-1.9967374874871324
model_17,env,2,2,2,-1.972406727876205,-1.958116037558451,-1.9580443560742142,-1.9523388375686301
model_18,env,0,0,0,-2.0781999792031445,-2.0750431699794856,-2.077668273961665,-2.0786302026141446
model_18,env,1,0,0,-2.0580309595031054,-2.055886267905587,-2.0602082125392536,-2.0601064068594273
model_18,env,2,0,0,-2.0422504482800505,-2.0462514399071314,-2.048388175854091,-2.050530941893506
model_18,env,3,0,0,-2.038398770627317,-2.04682475412589,-2.0411557182801556,-2.053869433050395
model_18,env,4,0,0,-2.0429578463502076,-2.0487816802572745,-2.042729201763039,-2.0481680934004864
model_18,env,5,0,0,-2.0421029631551524,-2.0493883380309397,-2.0452268344672784,-2.048825571037266
model_18,env,1,1,1,-2.0581723138355215,-2.056215716866194,-2.052045913842455,-2.0590157383748853
model_18,env,5,1,1,-2.042129749323744,-2.048723203035699,-2.047237182781576,-2.048825571037266
model_18,env,4,2,2,-2.0430104527858357,-2.048851323577758,-2.0471864970672313,-2.0481581191670863
model_18,env,4,4,4,-2.043095578037343,-2.048879464381578,-2.0471734191757336,-2.0481581191670863
model_18,env,2,2,2,-2.042974394286214,-2.050916122578188,-2.0499413662442008,-2.050678955434152
model_19,env,0,0,0,-1.986195973008213,-1.9785152804423847,-1.9856818104242433,-1.983579034571481
model_19,env,1,0,0,-1.9042548029824151,-1.8897424200846045,-1.9058838687238797,-1.8941252638187152
model_19,env,2,0,0,-1.8997255811258857,-1.900221865916555,-1.8894310393677114,-1.9069995648066644
model_19,env,3,0,0,-1.9063991999167076,-1.9238613624346574,-1.9112230386638513,-1.9066502161015322
model_19,env,4,0,0,-1.925684056190434,-1.9377429634971022,-1.9145288393546163,-1.9295226561505179
model_19,env,5,0,0,-1.9219359108510434,-1.9450484017179939,-1.9282014229206816,-1.9470864426131356
model_19,env,1,1,1,-1.9727192128060804,-1.9720250543536322,-1.9784053775463133,-1.9807536598288413
model_19,env,5,1,1,-1.963624027435455,-1.96419522926967,-1.9672829171279131,-1.9770273922051054
model_19,env,4,2,2,-1.9682606631490573,-1.9740976689993057,-1.9683668646889423,-1.9502390442268416
model_19,env,4,4,4,-2.00058377397706,-1.9803973026667832,-2.0047830506852566,-1.9967374874871324
model_19,env,2,2,2,-1.972406727876205,-1.958116037558451,-1.9580443560742142,-1.9523388375686301
model_20,env,0,0,0,-2.0781999792031445,-2.0750431699794856,-2.077668273961665,-2.0786302026141446
model_20,env,1,0,0,-2.0580309595031054,-2.055886267905587,-2.0602082125392536,-2.0601064068594273
model_20,env,2,0,0,-2.0422504482800505,-2.0462514399071314,-2.048388175854091,-2.050530941893506
model_20,env,3,0,0,-2.038398770627317,-2.04682475412589,-2.0411557182801556,-2.053869433050395
model_20,env,4,0,0,-2.0429578463502076,-2.0487816802572745,-2.042729201763039,-2.0481680934004864
model_20,env,5,0,0,-2.0421029631551524,-2.0493883380309397,-2.0452268344672784,-2.048825571037266
model_20,env,1,1,1,-2.0581723138355215,-2.056215716866194,-2.052045913842455,-2.0590157383748853
model_20,env,5,1,1,-2.042129749323744,-2.048723203035699,-2.047237182781576,-2.048825571037266
model_20,env,4,2,2,-2.0430104527858357,-2.048851323577758,-2.0471864970672313,-2.0481581191670863
model_20,env,4,4,4,-2.043095578037343,-2.048879464381578,-2.0471734191757336,-2.0481581191670863
model_20,env,2,2,2,-2.042974394286214,-2.050916122578188,-2.0499413662442008,-2.050678955434152
model_21,env,0,0,0,-1.986195973008213,-1.9785152804423847,-1.9856818104242433,-1.983579034571481
model_21,env,1,0,0,-1.9042548029824151,-1.8897424200846045,-1.9058838687238797,-1.8941252638187152
model_21,env,2,0,0,-1.8997255811258857,-1.900221865916555,-1.8894310393677114,-1.9069995648066644
model_21,env,3,0,0,-1.9063991999167076,-1.9238613624346574,-1.9112230386638513,-1.9066502161015322
model_21,env,4,0,0,-1.925684056190434,-1.9377429634971022,-1.9145288393546163,-1.9295226561505179
model_21,env,5,0,0,-1.9219359108510434,-1.9450484017179939,-1.9282014229206816,-1.9470864426131356
model_21,env,1,1,1,-1.9727192128060804,-1.9720250543536322,-1.9784053775463133,-1.9807536598288413
model_21,env,5,1,1,-1.963624027435455,-1.96419522926967,-1.9672829171279131,-1.9770273922051054
model_21,env,4,2,2,-1.9682606631490573,-1.9740976689993057,-1.9683668646889423,-1.9502390442268416
model_21,env,4,4,4,-2.00058377397706,-1.9803973026667832,-2.0047830506852566,-1.9967374874871324
model_21,env,2,2,2,-1.972406727876205,-1.958116037558451,-1.9580443560742142,-1.9523388375686301
model_22,env,0,0,0,-2.0781999792031445,-2.0750431699794856,-2.077668273961665,-2.0786302026141446
model_22,env,1,0,0,-2.0580309595031054,-2.055886267905587,-2.0602082125392536,-2.0601064068594273
model_22,env,2,0,0,-2.0422504482800505,-2.0462514399071314,-2.048388175854091,-2.050530941893506
model_22,env,3,0,0,-2.038398770627317,-2.04682475412589,-2.0411557182801556,-2.053869433050395
model_22,env,4,0,0,-2.0429578463502076,-2.0487816802572745,-2.042729201763039,-2.0481680934004864
model_22,env,5,0,0,-2.0421029631551524,-2.0493883380309397,-2.0452268344672784,-2.048825571037266
model_22,env,1,1,1,-2.0581723138355215,-2.056215716866194,-2.052045913842455,-2.0590157383748853
model_22,env,5,1,1,-2.042129749323744,-2.048723203035699,-2.047237182781576,-2.048825571037266
model_22,env,4,2,2,-2.0430104527858357,-2.048851323577758,-2.0471864970672313,-2.0481581191670863
model_22,env,4,4,4,-2.043095578037343,-2.048879464381578,-2.0471734191757336,-2.0481581191670863
model_22,env,2,2,2,-2.042974394286214,-2.050916122578188,-2.0499413662442008,-2.050678955434152
model_23,env,0,0,0,-1.986195973008213,-1.9785152804423847,-1.9856818104242433,-1.983579034571481
model_23,env,1,0,0,-1.9042548029824151,-1.8897424200846045,-1.9058838687238797,-1.8941252638187152
model_23,env,2,0,0,-1.8997255811258857,-1.900221865916555,-1.8894310393677114,-1.9069995648066644
model_23,env,3,0,0,-1.9063991999167076,-1.9238613624346574,-1.9112230386638513,-1.9066502161015322
model_23,env,4,0,0,-1.925684056190434,-1.9377429634971022,-1.9145288393546163,-1.9295226561505179
model_23,env,5,0,0,-1.9219359108510434,-1.9450484017179939,-1.9282014229206816,-1.9470864426131356
model_23,env,1,1,1,-1.9727192128060804,-1.9720250543536322,-1.9784053775463133,-1.9807536598288413
model_23,env,5,1,1,-1.963624027435455,-1.96419522926967,-1.9672829171279131,-1.9770273922051054
model_23,env,4,2,2,-1.9682606631490573,-1.9740976689993057,-1.9683668646889423,-1.9502390442268416
model_23,env,4,4,4,-2.00058377397706,-1.9803973026667832,-2.0047830506852566,-1.9967374874871324
model_23,env,2,2,2,-1.972406727876205,-1.958116037558451,-1.9580443560742142,-1.9523388375686301
model_0,cos,0,0,0,0.8954533752243431,0.895463101056725,0.8954640091880339,0.8954386424893168
model_0,cos,1,0,0,0.9449866182036757,0.944972167695159,0.9449002905558817,0.9449603644879409
model_0,cos,2,0,0,0.9575223127833086,0.9576030531368176,0.9575419348226157,0.9575053308899217
model_0,cos,3,0,0,0.961387299389236,0.9614238221893303,0.9614200304496703,0.9615081054216159
model_0,cos,4,0,0,0.9647265456159049,0.9648931367468159,0.9646043852259734,0.96473317468707
model_0,cos,5,0,0,0.9683939075206758,0.9682830782784231,0.9684255082786474,0.9679921899980286
model_0,cos,1,1,1,0.9455333346679028,0.9454996019682933,0.9454368625086425,0.9455358420815315
model_0,cos,5,1,1,0.9679330637226393,0.9681571335497858,0.9678702514966112,0.9678169522527134
model_0,cos,4,2,2,0.9643630182018753,0.9644349929378137,0.9643738746600394,0.9642930112904481
model_0,cos,4,4,4,0.9642180343310711,0.9642884927255008,0.9640497828957416,0.9643235791405466
model_0,cos,2,2,2,0.9576242041352618,0.9573369285930889,0.9572724850669555,0.9574523458414933
model_1,cos,0,0,0,0.8954529159166212,0.895462462434488,0.8954635300069911,0.8954382504508132
model_1,cos,1,0,0,0.9407881880028011,0.9402947129212016,0.9406876624386696,0.9406805899931118
model_1,cos,2,0,0,0.9546523328980507,0.9547965505142127,0.9548038608758705,0.954787713892491
model_1,cos,3,0,0,0.9595230253890091,0.9593440738266852,0.9592915898895046,0.9592654696435751
model_1,cos,4,0,0,0.9651196038664573,0.96509768704337,0.9652135532107974,0.965170630569909
model_1,cos,5,0,0,0.9689014410207368,0.9688937265985288,0.9687096078723105,0.9688324650213221
model_1,cos,1,1,1,0.9389538993971376,0.9387979351618708,0.9390859845484472,0.9388984015502391
model_1,cos,5,1,1,0.9682636862005688,0.9683923312816196,0.9682908771923546,0.9680928947864695
model_1,cos,4,2,2,0.9638632269109989,0.9640109741490152,0.9641129305934402,0.9640183555213866
model_1,cos,4,4,4,0.9631757421004609,0.9632879266389567,0.9633332168188294,0.9633555074294945
model_1,cos,2,2,2,0.9533594995644715,0.95326088084222,0.9531908586429865,0.9532018163574508
model_2,cos,0,0,0,0.8954533752243431,0.895463101056725,0.8954640091880339,0.8954386424893168
model_2,cos,1,0,0,0.9449866182036757,0.944972167695159,0.9449002905558817,0.9449603644879409
model_2,cos,2,0,0,0.9575223127833086,0.9576030531368176,0.9575419348226157,0.9575053308899217
model_2,cos,3,0,0,0.961387299389236,0.9614238221893303,0.9614200304496703,0.9615081054216159
model_2,cos,4,0,0,0.9647265456159049,0.9648931367468159,0.9646043852259734,0.96473317468707
model_2,cos,5,0,0,0.9683939075206758,0.9682830782784231,0.9684255082786474,0.9679921899980286
model_2,cos,1,1,1,0.9455333346679028,0.9454996019682933,0.9454368625086425,0.9455358420815315
model_2,cos,5,1,1,0.9679330637226393,0.9681571335497858,0.9678702514966112,0.9678169522527134
model_2,cos,4,2,2,0.9643630182018753,0.9644349929378137,0.9643738746600394,0.9642930112904481
model_2,cos,4,4,4,0.9642180343310711,0.9642884927255008,0.9640497828957416,0.9643235791405466
model_2,cos,2,2,2,0.9576242041352618,0.9573369285930889,0.9572724850669555,0.9574523458414933
model_3,cos,0,0,0,0.8954529159166212,0.895462462434488,0.8954635300069911,0.8954382504508132
model_3,cos,1,0,0,0.9407881880028011,0.9402947129212016,0.9406876624386696,0.9406805899931118
model_3,cos,2,0,0,0.9546523328980507,0.9547965505142127,0.9548038608758705,0.954787713892491
model_3,cos,3,0,0,0.9595230253890091,0.9593440738266852,0.9592915898895046,0.9592654696435751
model_3,cos,4,0,0,0.9651196038664573,0.96509768704337,0.9652135532107974,0.965170630569909
model_3,cos,5,0,0,0.9689014410207368,0.9688937265985288,0.9687096078723105,0.9688324650213221
model_3,cos,1,1,1,0.9389538993971376,0.9387979351618708,0.9390859845484472,0.9388984015502391
model_3,cos,5,1,1,0.9682636862005688,0.9683923312816196,0.9682908771923546,0.9680928947864695
model_3,cos,4,2,2,0.9638632269109989,0.9640109741490152,0.9641129305934402,0.9640183555213866
model_3,cos,4,4,4,0.9631757421004609,0.9632879266389567,0.9633332168188294,0.9633555074294945
model_3,cos,2,2,2,0.9533594995644715,0.95326088084222,0.9531908586429865,0.9532018163574508
model_4,cos,0,0,0,0.8954533752243431,0.895463101056725,0.8954640091880339,0.8954386424893168
model_4,cos,1,0,0,0.9449866182036757,0.944972167695159,0.9449002905558817,0.9449603644879409
model_4,cos,2,0,0,0.9575223127833086,0.9576030531368176,0.9575419348226157,0.9575053308899217
model_4,cos,3,0,0,0.961387299389236,0.9614238221893303,0.9614200304496703,0.9615081054216159
model_4,cos,4,0,0,0.9647265456159049,0.9648931367468159,0.9646043852259734,0.96473317468707
model_4,cos,5,0,0,0.9683939075206758,0.9682830782784231,0.9684255082786474,0.9679921899980286
model_4,cos,1,1,1,0.9455333346679028,0.9454996019682933,0.9454368625086425,0.9455358420815315
model_4,cos,5,1,1,0.9679330637226393,0.9681571335497858,0.9678702514966112,0.9678169522527134
model_4,cos,4,2,2,0.9643630182018753,0.9644349929378137,0.9643738746600394,0.9642930112904481
model_4,cos,4,4,4,0.9642180343310711,0.9642884927255008,0.9640497828957416,0.9643235791405466
model_4,cos,2,2,2,0.9576242041352618,0.9573369285930889,0.9572724850669555,0.9574523458414933
model_5,cos,0,0,0,0.8954529159166212,0.895462462434488,0.8954635300069911,0.8954382504508132
model_5,cos,1,0,0,0.9407881880028011,0.9402947129212016,0.9406876624386696,0.9406805899931118
model_5,cos,2,0,0,0.9546523328980507,0.9547965505142127,0.9548038608758705,0.954787713892491
model_5,cos,3,0,0,0.9595230253890091,0.9593440738266852,0.9592915898895046,0.9592654696435751
model_5,cos,4,0,0,0.9651196038664573,0.96509768704337,0.9652135532107974,0.965170630569909
model_5,cos,5,0,0,0.9689014410207368,0.9688937265985288,0.9687096078723105,0.9688324650213221
model_5,cos,1,1,1,0.9389538993971376,0.9387979351618708,0.9390859845484472,0.9388984015502391
model_5,cos,5,1,1,0.9682636862005688,0.9683923312816196,0.9682908771923546,0.9680928947864695
model_5,cos,4,2,2,0.9638632269109989,0.9640109741490152,0.9641129305934402,0.9640183555213866
model_5,cos,4,4,4,0.9631757421004609,0.9632879266389567,0.9633332168188294,0.9633555074294945
model_5,cos,2,2,2,0.9533594995644715,0.95326088084222,0.9531908586429865,0.9532018163574508
model_6,cos,0,0,0,0.8954533752243431,0.895463101056725,0.8954640091880339,0.8954386424893168
model_6,cos,1,0,0,0.9449866182036757,0.944972167695159,0.9449002905558817,0.9449603644879409
model_6,cos,2,0,0,0.9575223127833086,0.9576030531368176,0.9575419348226157,0.9575053308899217
model_6,cos,3,0,0,0.961387299389236,0.9614238221893303,0.9614200304496703,0.9615081054216159
model_6,cos,4,0,0,0.9647265456159049,0.9648931367468159,0.9646043852259734,0.96473317468707
model_6,cos,5,0,0,0.9683939075206758,0.9682830782784231,0.9684255082786474,0.9679921899980286
model_6,cos,1,1,1,0.9455333346679028,0.9454996019682933,0.9454368625086425,0.9455358420815315
model_6,cos,5,1,1,0.9679330637226393,0.9681571335497858,0.9678702514966112,0.9678169522527134
model_6,cos,4,2,2,0.9643630182018753,0.9644349929378137,0.9643738746600394,0.9642930112904481
model_6,cos,4,4,4,0.9642180343310711,0.9642884927255008,0.9640497828957416,0.9643235791405466
model_6,cos,2,2,2,0.9576242041352618,0.9573369285930889,0.9572724850669555,0.9574523458414933
model_7,cos,0,0,0,0.8954529159166212,0.895462462434488,0.8954635300069911,0.8954382504508132
model_7,cos,1,0,0,0.9407881880028011,0.9402947129212016,0.9406876624386696,0.9406805899931118
model_7,cos,2,0,0,0.9546523328980507,0.9547965505142127,0.9548038608758705,0.954787713892491
model_7,cos,3,0,0,0.9595230253890091,0.9593440738266852,0.9592915898895046,0.9592654696435751
model_7,cos,4,0,0,0.9651196038664573,0.96509768704337,0.9652135532107974,0.965170630569909
model_7,cos,5,0,0,0.9689014410207368,0.9688937265985288,0.9687096078723105,0.9688324650213221
model_7,cos,1,1,1,0.9389538993971376,0.9387979351618708,0.9390859845484472,0.9388984015502391
model_7,cos,5,1,1,0.9682636862005688,0.9683923312816196,0.9682908771923546,0.9680928947864695
model_7,cos,4,2,2,0.9638632269109989,0.9640109741490152,0.9641129305934402,0.9640183555213866
model_7,cos,4,4,4,0.9631757421004609,0.9632879266389567,0.9633332168188294,0.9633555074294945
model_7,cos,2,2,2,0.9533594995644715,0.95326088084222,0.9531908586429865,0.9532018163574508
model_8,cos,0,0,0,0.8954526869123793,0.895462231338696,0.895463322281118,0.8954379928841711
model_8,cos,1,0,0,0.9437785728799618,0.9437323064084857,0.9438378838984351,0.9438370995026398
model_8,cos,2,0,0,0.9559404105785941,0.9559240586347667,0.9558735486583495,0.9561823301192899
model_8,cos,3,0,0,0.95976228733745,0.9597955732269842,0.9600130919222433,0.9593675341259186
model_8,cos,4,0,0,0.9630315586965752,0.9629513794479876,0.9631651138836711,0.9632137298787722
model_8,cos,5,0,0,0.9660735897416249,0.9661403956142767,0.9661265971153361,0.9660508399963141
model_8,cos,1,1,1,0.9435476622131088,0.9435704419531933,0.9436666676499377,0.9438460911112918
model_8,cos,5,1,1,0.965901473164119,0.9658449199902205,0.96550519640183,0.9659065368673478
model_8,cos,4,2,2,0.9624992365964751,0.9623815680858251,0.962357886247534,0.9626942273954592
model_8,cos,4,4,4,0.9618888795220298,0.9620727027782427,0.9621847112548261,0.9623223217506421
model_8,cos,2,2,2,0.9552432609188325,0.9551184794614515,0.9554000962413627,0.9553399225904258
model_9,cos,0,0,0,0.8954527115740178,0.8954622454729433,0.8954633392018212,0.8954380123555377
model_9,cos,1,0,0,0.929104052690961,0.929117206525118,0.9288131337572687,0.9290634439792441
model_9,cos,2,0,0,0.9411971302272909,0.9415321677771913,0.9410053184345758,0.9416181361887436
model_9,cos,3,0,0,0.9454777148251636,0.9455529939894897,0.945556727648659,0.9459998931247855
model_9,cos,4,0,0,0.9500897200848357,0.9502514316409916,0.9505537232682517,0.9503386890699178
model_9,cos,5,0,0,0.9538680703929915,0.9540666166737515,0.9540869789584623,0.9539526544768834
model_9,cos,1,1,1,0.9194005212837717,0.9187961982073893,0.9190684430967375,0.9195866531128902
model_9,cos,5,1,1,0.9514185973108652,0.9519911448941475,0.952182989780982,0.9518582614930684
model_9,cos,4,2,2,0.945830857745474,0.9454989707767013,0.9455719362438343,0.9452898093010162
model_9,cos,4,4,4,0.9434014487278457,0.943650671053275,0.9431640501075722,0.9429870638582487
model_9,cos,2,2,2,0.9330512842039125,0.9333711800223911,0.9332768575133548,0.9333605193724759
model_10,cos,0,0,0,0.8954526869123793,0.895462231338696,0.895463322281118,0.8954379928841711
model_10,cos,1,0,0,0.9437785728799618,0.9437323064084857,0.9438378838984351,0.9438370995026398
model_10,cos,2,0,0,0.9559404105785941,0.9559240586347667,0.9558735486583495,0.9561823301192899
model_10,cos,3,0,0,0.95976228733745,0.9597955732269842,0.9600130919222433,0.9593675341259186
model_10,cos,4,0,0,0.9630315586965752,0.9629513794479876,0.9631651138836711,0.9632137298787722
model_10,cos,5,0,0,0.9660735897416249,0.9661403956142767,0.9661265971153361,0.9660508399963141
model_10,cos,1,1,1,0.9435476622131088,0.9435704419531933,0.9436666676499377,0.9438460911112918
model_10,cos,5,1,1,0.965901473164119,0.9658449199902205,0.96550519640183,0.9659065368673478
model_10,cos,4,2,2,0.9624992365964751,0.9623815680858251,0.962357886247534,0.9626942273954592
model_10,cos,4,4,4,0.9618888795220298,0.9620727027782427,0.9621847112548261,0.9623223217506421
model_10,cos,2,2,2,0.9552432609188325,0.9551184794614515,0.9554000962413627,0.9553399225904258
model_11,cos,0,0,0,0.8954527115740178,0.8954622454729433,0.8954633392018212,0.8954380123555377
model_11,cos,1,0,0,0.929104052690961,0.929117206525118,0.9288131337572687,0.9290634439792441
model_11,cos,2,0,0,0.9411971302272909,0.9415321677771913,0.9410053184345758,0.9416181361887436
model_11,cos,3,0,0,0.9454777148251636,0.9455529939894897,0.945556727648659,0.9459998931247855
model_11,cos,4,0,0,0.9500897200848357,0.9502514316409916,0.9505537232682517,0.9503386890699178
model_11,cos,5,0,0,0.9538680703929915,0.9540666166737515,0.9540869789584623,0.9539526544768834
model_11,cos,1,1,1,0.9194005212837717,0.9187961982073893,0.9190684430967375,0.9195866531128902
model_11,cos,5,1,1,0.9514185973108652,0.9519911448941475,0.952182989780982,0.9518582614930684
model_11,cos,4,2,2,0.945830857745474,0.9454989707767013,0.9455719362438343,0.9452898093010162
model_11,cos,4,4,4,0.9434014487278457,0.943650671053275,0.9431640501075722,0.9429870638582487
model_11,cos,2,2,2,0.9330512842039125,0.9333711800223911,0.9332768575133548,0.9333605193724759
model_12,cos,0,0,0,0.8954526869123793,0.895462231338696,0.895463322281118,0.8954379928841711
model_12,cos,1,0,0,0.9437785728799618,0.9437323064084857,0.9438378838984351,0.9438370995026398
model_12,cos,2,0,0,0.9559404105785941,0.9559240586347667,0.9558735486583495,0.9561823301192899
model_12,cos,3,0,0,0.95976228733745,0.9597955732269842,0.9600130919222433,0.9593675341259186
model_12,cos,4,0,0,0.9630315586965752,0.9629513794479876,0.9631651138836711,0.9632137298787722
model_12,cos,5,0,0,0.9660735897416249,0.9661403956142767,0.9661265971153361,0.9660508399963141
model_12,cos,1,1,1,0.9435476622131088,0.9435704419531933,0.9436666676499377,0.9438460911112918
model_12,cos,5,1,1,0.965901473164119,0.9658449199902205,0.96550519640183,0.9659065368673478
model_12,cos,4,2,2,0.9624992365964751,0.9623815680858251,0.962357886247534,0.9626942273954592
model_12,cos,4,4,4,0.9618888795220298,0.9620727027782427,0.9621847112548261,0.9623223217506421
model_12,cos,2,2,2,0.9552432609188325,0.9551184794614515,0.9554000962413627,0.9553399225904258
model_13,cos,0,0,0,0.8954527115740178,0.8954622454729433,0.8954633392018212,0.8954380123555377
model_13,cos,1,0,0,0.929104052690961,0.929117206525118,0.9288131337572687,0.9290634439792441
model_13,cos,2,0,0,0.9411971302272909,0.9415321677771913,0.9410053184345758,0.9416181361887436
model_13,cos,3,0,0,0.9454777148251636,0.9455529939894897,0.945556727648659,0.9459998931247855
model_13,cos,4,0,0,0.9500897200848357,0.9502514316409916,0.9505537232682517,0.9503386890699178
model_13,cos,5,0,0,0.9538680703929915,0.9540666166737515,0.9540869789584623,0.9539526544768834
model_13,cos,1,1,1,0.9194005212837717,0.9187961982073893,0.9190684430967375,0.9195866531128902
model_13,cos,5,1,1,0.9514185973108652,0.9519911448941475,0.952182989780982,0.9518582614930684
model_13,cos,4,2,2,0.945830857745474,0.9454989707767013,0.9455719362438343,0.9452898093010162
model_13,cos,4,4,4,0.9434014487278457,0.943650671053275,0.9431640501075722,0.9429870638582487
model_13,cos,2,2,2,0.9330512842039125,0.9333711800223911,0.9332768575133548,0.9333605193724759
model_14,cos,0,0,0,0.8954526869123793,0.895462231338696,0.895463322281118,0.8954379928841711
model_14,cos,1,0,0,0.9437785728799618,0.9437323064084857,0.9438378838984351,0.9438370995026398
model_14,cos,2,0,0,0.9559404105785941,0.9559240586347667,0.9558735486583495,0.9561823301192899
model_14,cos,3,0,0,0.95976228733745,0.9597955732269842,0.9600130919222433,0.9593675341259186
model_14,cos,4,0,0,0.9630315586965752,0.9629513794479876,0.9631651138836711,0.9632137298787722
model_14,cos,5,0,0,0.9660735897416249,0.9661403956142767,0.9661265971153361,0.9660508399963141
model_14,cos,1,1,1,0.9435476622131088,0.9435704419531933,0.9436666676499377,0.9438460911112918
model_14,cos,5,1,1,0.965901473164119,0.9658449199902205,0.96550519640183,0.9659065368673478
model_14,cos,4,2,2,0.9624992365964751,0.9623815680858251,0.962357886247534,0.9626942273954592
model_14,cos,4,4,4,0.9618888795220298,0.9620727027782427,0.9621847112548261,0.9623223217506421
model_14,cos,2,2,2,0.9552432609188325,0.9551184794614515,0.9554000962413627,0.9553399225904258
model_15,cos,0,0,0,0.8954527115740178,0.8954622454729433,0.8954633392018212,0.8954380123555377
model_15,cos,1,0,0,0.929104052690961,0.929117206525118,0.9288131337572687,0.9290634439792441
model_15,cos,2,0,0,0.9411971302272909,0.9415321677771913,0.9410053184345758,0.9416181361887436
model_15,cos,3,0,0,0.9454777148251636,0.9455529939894897,0.945556727648659,0.9459998931247855
model_15,cos,4,0,0,0.9500897200848357,0.9502514316409916,0.9505537232682517,0.9503386890699178
model_15,cos,5,0,0,0.9538680703929915,0.9540666166737515,0.9540869789584623,0.9539526544768834
model_15,cos,1,1,1,0.9194005212837717,0.9187961982073893,0.9190684430967375,0.9195866531128902
model_15,cos,5,1,1,0.9514185973108652,0.9519911448941475,0.952182989780982,0.9518582614930684
model_15,cos,4,2,2,0.945830857745474,0.9454989707767013,0.9455719362438343,0.9452898093010162
model_15,cos,4,4,4,0.9434014487278457,0.943650671053275,0.9431640501075722,0.9429870638582487
model_15,cos,2,2,2,0.9330512842039125,0.9333711800223911,0.9332768575133548,0.9333605193724759
model_16,cos,0,0,0,-0.39374774897589404,-0.39351967237626573,-0.393312982034979,-0.39223582185853645
model_16,cos,1,0,0,-0.40292203493445844,-0.4030925114574633,-0.4029335393430651,-0.4026547329021002
model_16,cos,2,0,0,-0.40201526273039345,-0.4028191235635794,-0.40182397572018114,-0.4022289468437623
model_16,cos,3,0,0,-0.40143401653224253,-0.40160496341481733,-0.40039746403916743,-0.40038564857953096
model_16,cos,4,0,0,-0.4013671603875879,-0.40186072081163227,-0.4007054646432675,-0.4003078344379265
model_16,cos,5,0,0,-0.40144580597646873,-0.4014807052652596,-0.4007054646432675,-0.4003078344379265
model_16,cos,1,1,1,-0.40292203493445844,-0.4030925114574633,-0.4029335393430651,-0.4026547329021002
model_16,cos,5,1,1,-0.40144580597646873,-0.4014807052652596,-0.4007054646432675,-0.4003078344379265
model_16,cos,4,2,2,-0.4013671603875879,-0.40186072081163227,-0.4007054646432675,-0.4003078344379265
model_16,cos,4,4,4,-0.4013671603875879,-0.40186072081163227,-0.4007054646432675,-0.4003078344379265
model_16,cos,2,2,2,-0.40201526273039345,-0.4028191235635794,-0.40182397572018114,-0.4022289468437623
model_17,cos,0,0,0,-0.3656717444903048,-0.3692983781203878,-0.36548436334267254,-0.3682255298315267
model_17,cos,1,0,0,-0.1442124815150867,-0.15047584821014048,-0.14334236281377288,-0.13595757242660067
model_17,cos,2,0,0,-0.15828404784522987,-0.17428305265264687,-0.17423842583079008,-0.16076212819920466
model_17,cos,3,0,0,-0.18230873593843056,-0.179975197516681,-0.17837166832685325,-0.175887154936764
model_17,cos,4,0,0,-0.16700658256167333,-0.1853149954980502,-0.18318240612338021,-0.177770419986931
model_17,cos,5,0,0,-0.16640966635010424,-0.15310427805406102,-0.14615545825358045,-0.1738555773111501
model_17,cos,1,1,1,-0.1970859232719766,-0.19003879210955787,-0.19261010880164453,-0.19384110709386215
model_17,cos,5,1,1,-0.17087512516821124,-0.18128084211078987,-0.16567042556885236,-0.16814064954802088
model_17,cos,4,2,2,-0.17866596894445697,-0.19444318620131096,-0.1937473087708972,-0.19863367431405066
model_17,cos,4,4,4,-0.18546926865874602,-0.19128320519666842,-0.1946859454764751,-0.20456592504741433
model_17,cos,2,2,2,-0.1978264233493976,-0.1896090781044435,-0.18870462542624833,-0.17892195870615568
model_18,cos,0,0,0,-0.39374774897589404,-0.39351967237626573,-0.393312982034979,-0.39223582185853645
model_18,cos,1,0,0,-0.40292203493445844,-0.4030925114574633,-0.4029335393430651,-0.4026547329021002
model_18,cos,2,0,0,-0.40201526273039345,-0.4028191235635794,-0.40182397572018114,-0.4022289468437623
model_18,cos,3,0,0,-0.40143401653224253,-0.40160496341481733,-0.40039746403916743,-0.40038564857953096
model_18,cos,4,0,0,-0.4013671603875879,-0.40186072081163227,-0.4007054646432675,-0.4003078344379265
model_18,cos,5,0,0,-0.40144580597646873,-0.4014807052652596,-0.4007054646432675,-0.4003078344379265
model_18,cos,1,1,1,-0.40292203493445844,-0.4030925114574633,-0.4029335393430651,-0.4026547329021002
model_18,cos,5,1,1,-0.40144580597646873,-0.4014807052652596,-0.4007054646432675,-0.4003078344379265
model_18,cos,4,2,2,-0.4013671603875879,-0.40186072081163227,-0.4007054646432675,-0.4003078344379265
model_18,cos,4,4,4,-0.4013671603875879,-0.40186072081163227,-0.4007054646432675,-0.4003078344379265
model_18,cos,2,2,2,-0.40201526273039345,-0.4028191235635794,-0.40182397572018114,-0.4022289468437623
model_19,cos,0,0,0,-0.3656717444903048,-0.3692983781203878,-0.36548436334267254,-0.3682255298315267
model_19,cos,1,0,0,-0.1442124815150867,-0.15047584821014048,-0.14334236281377288,-0.13595757242660067
model_19,cos,2,0,0,-0.15828404784522987,-0.17428305265264687,-0.17423842583079008,-0.16076212819920466
model_19,cos,3,0,0,-0.18230873593843056,-0.179975197516681,-0.17837166832685325,-0.175887154936764
model_19,cos,4,0,0,-0.16700658256167333,-0.1853149954980502,-0.18318240612338021,-0.177770419986931
model_19,cos,5,0,0,-0.16640966635010424,-0.15310427805406102,-0.14615545825358045,-0.1738555773111501
model_19,cos,1,1,1,-0.1970859232719766,-0.19003879210955787,-0.19261010880164453,-0.19384110709386215
model_19,cos,5,1,1,-0.17087512516821124,-0.18128084211078987,-0.16567042556885236,-0.16814064954802088
model_19,cos,4,2,2,-0.17866596894445697,-0.19444318620131096,-0.1937473087708972,-0.19863367431405066
model_19,cos,4,4,4,-0.18546926865874602,-0.19128320519666842,-0.1946859454764751,-0.20456592504741433
model_19,cos,2,2,2,-0.1978264233493976,-0.1896090781044435,-0.18870462542624833,-0.17892195870615568
model_20,cos,0,0,0,-0.39374774897589404,-0.39351967237626573,-0.393312982034979,-0.39223582185853645
model_20,cos,1,0,0,-0.40292203493445844,-0.4030925114574633,-0.4029335393430651,-0.4026547329021002
model_20,cos,2,0,0,-0.40201526273039345,-0.4028191235635794,-0.40182397572018114,-0.4022289468437623
model_20,cos,3,0,0,-0.40143401653224253,-0.40160496341481733,-0.40039746403916743,-0.40038564857953096
model_20,cos,4,0,0,-0.4013671603875879,-0.40186072081163227,-0.4007054646432675,-0.4003078344379265
model_20,cos,5,0,0,-0.40144580597646873,-0.4014807052652596,-0.4007054646432675,-0.4003078344379265
model_20,cos,1,1,1,-0.40292203493445844,-0.4030925114574633,-0.4029335393430651,-0.4026547329021002
model_20,cos,5,1,1,-0.40144580597646873,-0.4014807052652596,-0.4007054646432675,-0.4003078344379265
model_20,cos,4,2,2,-0.4013671603875879,-0.40186072081163227,-0.4007054646432675,-0.4003078344379265
model_20,cos,4,4,4,-0.4013671603875879,-0.40186072081163227,-0.4007054646432675,-0.4003078344379265
model_20,cos,2,2,2,-0.40201526273039345,-0.4028191235635794,-0.40182397572018114,-0.4022289468437623
model_21,cos,0,0,0,-0.3656717444903048,-0.3692983781203878,-0.36548436334267254,-0.3682255298315267
model_21,cos,1,0,0,-0.1442124815150867,-0.15047584821014048,-0.14334236281377288,-0.13595757242660067
model_21,cos,2,0,0,-0.15828404784522987,-0.17428305265264687,-0.17423842583079008,-0.16076212819920466
model_21,cos,3,0,0,-0.18230873593843056,-0.179975197516681,-0.17837166832685325,-0.175887154936764
model_21,cos,4,0,0,-0.16700658256167333,-0.1853149954980502,-0.18318240612338021,-0.177770419986931
model_21,cos,5,0,0,-0.16640966635010424,-0.15310427805406102,-0.14615545825358045,-0.1738555773111501
model_21,cos,1,1,1,-0.1970859232719766,-0.19003879210955787,-0.19261010880164453,-0.19384110709386215
model_21,cos,5,1,1,-0.17087512516821124,-0.18128084211078987,-0.16567042556885236,-0.16814064954802088
model_21,cos,4,2,2,-0.17866596894445697,-0.19444318620131096,-0.1937473087708972,-0.19863367431405066
model_21,cos,4,4,4,-0.18546926865874602,-0.19128320519666842,-0.1946859454764751,-0.20456592504741433
model_21,cos,2,2,2,-0.1978264233493976,-0.1896090781044435,-0.18870462542624833,-0.17892195870615568
model_22,cos,0,0,0,-0.39374774897589404,-0.39351967237626573,-0.393312982034979,-0.39223582185853645
model_22,cos,1,0,0,-0.40292203493445844,-0.4030925114574633,-0.4029335393430651,-0.4026547329021002
model_22,cos,2,0,0,-0.40201526273039345,-0.4028191235635794,-0.40182397572018114,-0.4022289468437623
model_22,cos,3,0,0,-0.40143401653224253,-0.40160496341481733,-0.40039746403916743,-0.40038564857953096
model_22,cos,4,0,0,-0.4013671603875879,-0.40186072081163227,-0.4007054646432675,-0.4003078344379265
model_22,cos,5,0,0,-0.40144580597646873,-0.4014807052652596,-0.4007054646432675,-0.4003078344379265
model_22,cos,1,1,1,-0.40292203493445844,-0.4030925114574633,-0.4029335393430651,-0.4026547329021002
model_22,cos,5,1,1,-0.40144580597646873,-0.4014807052652596,-0.4007054646432675,-0.4003078344379265
model_22,cos,4,2,2,-0.4013671603875879,-0.40186072081163227,-0.4007054646432675,-0.4003078344379265
model_22,cos,4,4,4,-0.4013671603875879,-0.40186072081163227,-0.4007054646432675,-0.4003078344379265
model_22,cos,2,2,2,-0.40201526273039345,-0.4028191235635794,-0.40182397572018114,-0.4022289468437623
model_23,cos,0,0,0,-0.3656717444903048,-0.3692983781203878,-0.36548436334267254,-0.3682255298315267
model_23,cos,1,0,0,-0.1442124815150867,-0.15047584821014048,-0.14334236281377288,-0.13595757242660067
model_23,cos,2,0,0,-0.15828404784522987,-0.17428305265264687,-0.17423842583079008,-0.16076212819920466
model_23,cos,3,0,0,-0.18230873593843056,-0.179975197516681,-0.17837166832685325,-0.175887154936764
model_23,cos,4,0,0,-0.16700658256167333,-0.1853149954980502,-0.18318240612338021,-0.177770419986931
model_23,cos,5,0,0,-0.16640966635010424,-0.15310427805406102,-0.14615545825358045,-0.1738555773111501
model_23,cos,1,1,1,-0.1970859232719766,-0.19003879210955787,-0.19261010880164453,-0.19384110709386215
model_23,cos,5,1,1,-0.17087512516821124,-0.18128084211078987,-0.16567042556885236,-0.16814064954802088
model_23,cos,4,2,2,-0.17866596894445697,-0.19444318620131096,-0.1937473087708972,-0.19863367431405066
model_23,cos,4,4,4,-0.18546926865874602,-0.19128320519666842,-0.1946859454764751,-0.20456592504741433
model_23,cos,2,2,2,-0.1978264233493976,-0.1896090781044435,-0.18870462542624833,-0.17892195870615568
model_0,freq,0,0,0,0.005783419725029604,0.005671835408943449,0.0056982680055935875,0.005907435942730577
model_0,freq,1,0,0,0.440764930107189,0.4400550690068883,0.4401809349088054,0.43929402927618877
model_0,freq,2,0,0,0.5688450661307701,0.5710282441976966,0.5710856228764515,0.5694831539653299
model_0,freq,3,0,0,0.6249852769451236,0.6241666654403817,0.625131053470829,0.6249366596498132
model_0,freq,4,0,0,0.6579688047149965,0.6580216841465868,0.6590984786947721,0.6569564120310774
model_0,freq,5,0,0,0.679266281407213,0.6809606626307687,0.6810567532179703,0.679453147645473
model_0,freq,1,1,1,0.4566399373162321,0.4563204741515181,0.45679599884110567,0.4575371211718099
model_0,freq,5,1,1,0.6835793941312494,0.6832465818104589,0.6846617461017896,0.6854119744198008
model_0,freq,4,2,2,0.6647355706580946,0.6641991828369272,0.664710246053487,0.6638121798725178
model_0,freq,4,4,4,0.6632514903353561,0.6638442093829825,0.6639461373101774,0.660721160348241
model_0,freq,2,2,2,0.5816156528829514,0.5814269812775288,0.5786842837415558,0.5794131785997921
model_1,freq,0,0,0,0.005762561620033857,0.005658224892768793,0.005683155987276867,0.005889626318894892
model_1,freq,1,0,0,0.39568033801435354,0.3926688062165914,0.39364571027081907,0.39254642165379516
model_1,freq,2,0,0,0.536700848996095,0.5376003832460676,0.5378720397392522,0.5396879563348957
model_1,freq,3,0,0,0.5879604832759235,0.58626157051415,0.5873883616837232,0.5891234512634963
model_1,freq,4,0,0,0.6332352283435685,0.6315355777172974,0.6328930340303103,0.6341964923153127
model_1,freq,5,0,0,0.6612204079524747,0.6637906277429926,0.6629928579291268,0.6636932693028097
model_1,freq,1,1,1,0.3988884437083512,0.40187748415881575,0.400198988216526,0.4004551918878445
model_1,freq,5,1,1,0.6695084065117942,0.669462617593457,0.6706872721162662,0.6690730737465719
model_1,freq,4,2,2,0.6395964197021891,0.6381732299018262,0.6383033849938963,0.6376422764637052
model_1,freq,4,4,4,0.6343429856151658,0.6331889424132969,0.6339822447685464,0.6334271436008446
model_1,freq,2,2,2,0.538706960993513,0.5386735452366558,0.5390389954762635,0.5381950213243266
model_2,freq,0,0,0,0.005783419725029604,0.005671835408943449,0.0056982680055935875,0.005907435942730577
model_2,freq,1,0,0,0.440764930107189,0.4400550690068883,0.4401809349088054,0.43929402927618877
model_2,freq,2,0,0,0.5688450661307701,0.5710282441976966,0.5710856228764515,0.5694831539653299
model_2,freq,3,0,0,0.6249852769451236,0.6241666654403817,0.625131053470829,0.6249366596498132
model_2,freq,4,0,0,0.6579688047149965,0.6580216841465868,0.6590984786947721,0.6569564120310774
model_2,freq,5,0,0,0.679266281407213,0.6809606626307687,0.6810567532179703,0.679453147645473
model_2,freq,1,1,1,0.4566399373162321,0.4563204741515181,0.45679599884110567,0.4575371211718099
model_2,freq,5,1,1,0.6835793941312494,0.6832465818104589,0.6846617461017896,0.6854119744198008
model_2,freq,4,2,2,0.6647355706580946,0.6641991828369272,0.664710246053487,0.6638121798725178
model_2,freq,4,4,4,0.6632514903353561,0.6638442093829825,0.6639461373101774,0.660721160348241
model_2,freq,2,2,2,0.5816156528829514,0.5814269812775288,0.5786842837415558,0.5794131785997921
model_3,freq,0,0,0,0.005762561620033857,0.005658224892768793,0.005683155987276867,0.005889626318894892
model_3,freq,1,0,0,0.39568033801435354,0.3926688062165914,0.39364571027081907,0.39254642165379516
model_3,freq,2,0,0,0.536700848996095,0.5376003832460676,0.5378720397392522,0.5396879563348957
model_3,freq,3,0,0,0.5879604832759235,0.58626157051415,0.5873883616837232,0.5891234512634963
model_3,freq,4,0,0,0.6332352283435685,0.6315355777172974,0.6328930340303103,0.6341964923153127
model_3,freq,5,0,0,0.6612204079524747,0.6637906277429926,0.6629928579291268,0.6636932693028097
model_3,freq,1,1,1,0.3988884437083512,0.40187748415881575,0.400198988216526,0.4004551918878445
model_3,freq,5,1,1,0.6695084065117942,0.669462617593457,0.6706872721162662,0.6690730737465719
model_3,freq,4,2,2,0.6395964197021891,0.6381732299018262,0.6383033849938963,0.6376422764637052
model_3,freq,4,4,4,0.6343429856151658,0.6331889424132969,0.6339822447685464,0.6334271436008446
model_3,freq,2,2,2,0.538706960993513,0.5386735452366558,0.5390389954762635,0.5381950213243266
model_4,freq,0,0,0,0.005783419725029604,0.005671835408943449,0.0056982680055935875,0.005907435942730577
model_4,freq,1,0,0,0.440764930107189,0.4400550690068883,0.4401809349088054,0.43929402927618877
model_4,freq,2,0,0,0.5688450661307701,0.5710282441976966,0.5710856228764515,0.5694831539653299
model_4,freq,3,0,0,0.6249852769451236,0.6241666654403817,0.625131053470829,0.6249366596498132
model_4,freq,4,0,0,0.6579688047149965,0.6580216841465868,0.6590984786947721,0.6569564120310774
model_4,freq,5,0,0,0.679266281407213,0.6809606626307687,0.6810567532179703,0.679453147645473
model_4,freq,1,1,1,0.4566399373162321,0.4563204741515181,0.45679599884110567,0.4575371211718099
model_4,freq,5,1,1,0.6835793941312494,0.6832465818104589,0.6846617461017896,0.6854119744198008
model_4,freq,4,2,2,0.6647355706580946,0.6641991828369272,0.664710246053487,0.6638121798725178
model_4,freq,4,4,4,0.6632514903353561,0.6638442093829825,0.6639461373101774,0.660721160348241
model_4,freq,2,2,2,0.5816156528829514,0.5814269812775288,0.5786842837415558,0.5794131785997921
model_5,freq,0,0,0,0.005762561620033857,0.005658224892768793,0.005683155987276867,0.005889626318894892
model_5,freq,1,0,0,0.39568033801435354,0.3926688062165914,0.39364571027081907,0.39254642165379516
model_5,freq,2,0,0,0.536700848996095,0.5376003832460676,0.5378720397392522,0.5396879563348957
model_5,freq,3,0,0,0.5879604832759235,0.58626157051415,0.5873883616837232,0.5891234512634963
model_5,freq,4,0,0,0.6332352283435685,0.6315355777172974,0.6328930340303103,0.6341964923153127
model_5,freq,5,0,0,0.6612204079524747,0.6637906277429926,0.6629928579291268,0.6636932693028097
model_5,freq,1,1,1,0.3988884437083512,0.40187748415881575,0.400198988216526,0.4004551918878445
model_5,freq,5,1,1,0.6695084065117942,0.669462617593457,0.6706872721162662,0.6690730737465719
model_5,freq,4,2,2,0.6395964197021891,0.6381732299018262,0.6383033849938963,0.6376422764637052
model_5,freq,4,4,4,0.6343429856151658,0.6331889424132969,0.6339822447685464,0.6334271436008446
model_5,freq,2,2,2,0.538706960993513,0.5386735452366558,0.5390389954762635,0.5381950213243266
model_6,freq,0,0,0,0.005783419725029604,0.005671835408943449,0.0056982680055935875,0.005907435942730577
model_6,freq,1,0,0,0.440764930107189,0.4400550690068883,0.4401809349088054,0.43929402927618877
model_6,freq,2,0,0,0.5688450661307701,0.5710282441976966,0.5710856228764515,0.5694831539653299
model_6,freq,3,0,0,0.6249852769451236,0.6241666654403817,0.625131053470829,0.6249366596498132
model_6,freq,4,0,0,0.6579688047149965,0.6580216841465868,0.6590984786947721,0.6569564120310774
model_6,freq,5,0,0,0.679266281407213,0.6809606626307687,0.6810567532179703,0.679453147645473
model_6,freq,1,1,1,0.4566399373162321,0.4563204741515181,0.45679599884110567,0.4575371211718099
model_6,freq,5,1,1,0.6835793941312494,0.6832465818104589,0.6846617461017896,0.6854119744198008
model_6,freq,4,2,2,0.6647355706580946,0.6641991828369272,0.664710246053487,0.6638121798725178
model_6,freq,4,4,4,0.6632514903353561,0.6638442093829825,0.6639461373101774,0.660721160348241
model_6,freq,2,2,2,0.5816156528829514,0.5814269812775288,0.5786842837415558,0.5794131785997921
model_7,freq,0,0,0,0.005762561620033857,0.005658224892768793,0.005683155987276867,0.005889626318894892
model_7,freq,1,0,0,0.39568033801435354,0.3926688062165914,0.39364571027081907,0.39254642165379516
model_7,freq,2,0,0,0.536700848996095,0.5376003832460676,0.5378720397392522,0.5396879563348957
model_7,freq,3,0,0,0.5879604832759235,0.58626157051415,0.5873883616837232,0.5891234512634963
model_7,freq,4,0,0,0.6332352283435685,0.6315355777172974,0.6328930340303103,0.6341964923153127
model_7,freq,5,0,0,0.6612204079524747,0.6637906277429926,0.6629928579291268,0.6636932693028097
model_7,freq,1,1,1,0.3988884437083512,0.40187748415881575,0.400198988216526,0.4004551918878445
model_7,freq,5,1,1,0.6695084065117942,0.669462617593457,0.6706872721162662,0.6690730737465719
model_7,freq,4,2,2,0.6395964197021891,0.6381732299018262,0.6383033849938963,0.6376422764637052
model_7,freq,4,4,4,0.6343429856151658,0.6331889424132969,0.6339822447685464,0.6334271436008446
model_7,freq,2,2,2,0.538706960993513,0.5386735452366558,0.5390389954762635,0.5381950213243266
model_8,freq,0,0,0,0.005762363874397325,0.005658056792804733,0.005682965964194486,0.005889513990175788
model_8,freq,1,0,0,0.42637143152911905,0.4272067568497754,0.42633419621814506,0.4248151827390092
model_8,freq,2,0,0,0.5562329319443136,0.5546190078491599,0.5537647072409883,0.5551403935412788
model_8,freq,3,0,0,0.6042328923152225,0.6048188184978456,0.6020098655346853,0.6045058432344994
model_8,freq,4,0,0,0.6340900562481433,0.6352695119241207,0.6347315584583129,0.6306222137847629
model_8,freq,5,0,0,0.6514539213952384,0.6553065576825111,0.6537081707748457,0.6529460433714196
model_8,freq,1,1,1,0.4368015419493986,0.43835435407521073,0.43455208697851344,0.43788488695713856
model_8,freq,5,1,1,0.6533924799495011,0.6529959591990413,0.6565266940206426,0.658301577286042
model_8,freq,4,2,2,0.6381426763609421,0.6380036336811622,0.6346590809673407,0.6335004238812658
model_8,freq,4,4,4,0.6331303281222551,0.6327444020420603,0.633569083626392,0.6330302121815136
model_8,freq,2,2,2,0.55725791806935,0.5567907704535381,0.5516948657790577,0.5588423810361558
model_9,freq,0,0,0,0.00576236308193101,0.005658063708416594,0.005682919445430978,0.005889500312389773
model_9,freq,1,0,0,0.2621257870706647,0.2620145800747401,0.2713782456256969,0.261446145231492
model_9,freq,2,0,0,0.39438302010814097,0.3933923709686441,0.3934834800478838,0.39786445865200415
model_9,freq,3,0,0,0.44819022037867273,0.4432049862499843,0.4462386429067269,0.44607461908290624
model_9,freq,4,0,0,0.49064507244388045,0.4829186065495483,0.4866494432704843,0.4893055628597096
model_9,freq,5,0,0,0.51279235905114,0.5122296711284869,0.5102057449880044,0.5143028576601237
model_9,freq,1,1,1,0.19437729328492925,0.1928025821363305,0.19108017064795213,0.1895652869336204
model_9,freq,5,1,1,0.503922806936203,0.5020426981170207,0.5040813560140258,0.5072027173743381
model_9,freq,4,2,2,0.4660625319732301,0.4641176153193596,0.4658785866582219,0.4629303154191988
model_9,freq,4,4,4,0.4455824526607981,0.44347119107523836,0.4463428140080168,0.4473023793225239
model_9,freq,2,2,2,0.33845036835780506,0.3447365964778554,0.33668824671431297,0.3402782327962167
model_10,freq,0,0,0,0.005762363874397325,0.005658056792804733,0.005682965964194486,0.005889513990175788
model_10,freq,1,0,0,0.42637143152911905,0.4272067568497754,0.42633419621814506,0.4248151827390092
model_10,freq,2,0,0,0.5562329319443136,0.5546190078491599,0.5537647072409883,0.5551403935412788
model_10,freq,3,0,0,0.6042328923152225,0.6048188184978456,0.6020098655346853,0.6045058432344994
model_10,freq,4,0,0,0.6340900562481433,0.6352695119241207,0.6347315584583129,0.6306222137847629
model_10,freq,5,0,0,0.6514539213952384,0.6553065576825111,0.6537081707748457,0.6529460433714196
model_10,freq,1,1,1,0.4368015419493986,0.43835435407521073,0.43455208697851344,0.43788488695713856
model_10,freq,5,1,1,0.6533924799495011,0.6529959591990413,0.6565266940206426,0.658301577286042
model_10,freq,4,2,2,0.6381426763609421,0.6380036336811622,0.6346590809673407,0.6335004238812658
model_10,freq,4,4,4,0.6331303281222551,0.6327444020420603,0.633569083626392,0.6330302121815136
model_10,freq,2,2,2,0.55725791806935,0.5567907704535381,0.5516948657790577,0.5588423810361558
model_11,freq,0,0,0,0.00576236308193101,0.005658063708416594,0.005682919445430978,0.005889500312389773
model_11,freq,1,0,0,0.2621257870706647,0.2620145800747401,0.2713782456256969,0.261446145231492
model_11,freq,2,0,0,0.39438302010814097,0.3933923709686441,0.3934834800478838,0.39786445865200415
model_11,freq,3,0,0,0.44819022037867273,0.4432049862499843,0.4462386429067269,0.44607461908290624
model_11,freq,4,0,0,0.49064507244388045,0.4829186065495483,0.4866494432704843,0.4893055628597096
model_11,freq,5,0,0,0.51279235905114,0.5122296711284869,0.5102057449880044,0.5143028576601237
model_11,freq,1,1,1,0.19437729328492925,0.1928025821363305,0.19108017064795213,0.1895652869336204
model_11,freq,5,1,1,0.503922806936203,0.5020426981170207,0.5040813560140258,0.5072027173743381
model_11,freq,4,2,2,0.4660625319732301,0.4641176153193596,0.4658785866582219,0.4629303154191988
model_11,freq,4,4,4,0.4455824526607981,0.44347119107523836,0.4463428140080168,0.4473023793225239
model_11,freq,2,2,2,0.33845036835780506,0.3447365964778554,0.33668824671431297,0.3402782327962167
model_12,freq,0,0,0,0.005762363874397325,0.005658056792804733,0.005682965964194486,0.005889513990175788
model_12,freq,1,0,0,0.42637143152911905,0.4272067568497754,0.42633419621814506,0.4248151827390092
model_12,freq,2,0,0,0.5562329319443136,0.5546190078491599,0.5537647072409883,0.5551403935412788
model_12,freq,3,0,0,0.6042328923152225,0.6048188184978456,0.6020098655346853,0.6045058432344994
model_12,freq,4,0,0,0.6340900562481433,0.6352695119241207,0.6347315584583129,0.6306222137847629
model_12,freq,5,0,0,0.6514539213952384,0.6553065576825111,0.6537081707748457,0.6529460433714196
model_12,freq,1,1,1,0.4368015419493986,0.43835435407521073,0.43455208697851344,0.43788488695713856
model_12,freq,5,1,1,0.6533924799495011,0.6529959591990413,0.6565266940206426,0.658301577286042
model_12,freq,4,2,2,0.6381426763609421,0.6380036336811622,0.6346590809673407,0.6335004238812658
model_12,freq,4,4,4,0.6331303281222551,0.6327444020420603,0.633569083626392,0.6330302121815136
model_12,freq,2,2,2,0.55725791806935,0.5567907704535381,0.5516948657790577,0.5588423810361558
model_13,freq,0,0,0,0.00576236308193101,0.005658063708416594,0.005682919445430978,0.005889500312389773
model_13,freq,1,0,0,0.2621257870706647,0.2620145800747401,0.2713782456256969,0.261446145231492
model_13,freq,2,0,0,0.39438302010814097,0.3933923709686441,0.3934834800478838,0.39786445865200415
model_13,freq,3,0,0,0.44819022037867273,0.4432049862499843,0.4462386429067269,0.44607461908290624
model_13,freq,4,0,0,0.49064507244388045,0.4829186065495483,0.4866494432704843,0.4893055628597096
model_13,freq,5,0,0,0.51279235905114,0.5122296711284869,0.5102057449880044,0.5143028576601237
model_13,freq,1,1,1,0.19437729328492925,0.1928025821363305,0.19108017064795213,0.1895652869336204
model_13,freq,5,1,1,0.503922806936203,0.5020426981170207,0.5040813560140258,0.5072027173743381
model_13,freq,4,2,2,0.4660625319732301,0.4641176153193596,0.4658785866582219,0.4629303154191988
model_13,freq,4,4,4,0.4455824526607981,0.44347119107523836,0.4463428140080168,0.4473023793225239
model_13,freq,2,2,2,0.33845036835780506,0.3447365964778554,0.33668824671431297,0.3402782327962167
model_14,freq,0,0,0,0.005762363874397325,0.005658056792804733,0.005682965964194486,0.005889513990175788
model_14,freq,1,0,0,0.42637143152911905,0.4272067568497754,0.42633419621814506,0.4248151827390092
model_14,freq,2,0,0,0.5562329319443136,0.5546190078491599,0.5537647072409883,0.5551403935412788
model_14,freq,3,0,0,0.6042328923152225,0.6048188184978456,0.6020098655346853,0.6045058432344994
model_14,freq,4,0,0,0.6340900562481433,0.6352695119241207,0.6347315584583129,0.6306222137847629
model_14,freq,5,0,0,0.6514539213952384,0.6553065576825111,0.6537081707748457,0.6529460433714196
model_14,freq,1,1,1,0.4368015419493986,0.43835435407521073,0.43455208697851344,0.43788488695713856
model_14,freq,5,1,1,0.6533924799495011,0.6529959591990413,0.6565266940206426,0.658301577286042
model_14,freq,4,2,2,0.6381426763609421,0.6380036336811622,0.6346590809673407,0.6335004238812658
model_14,freq,4,4,4,0.6331303281222551,0.6327444020420603,0.633569083626392,0.6330302121815136
model_14,freq,2,2,2,0.55725791806935,0.5567907704535381,0.5516948657790577,0.5588423810361558
model_15,freq,0,0,0,0.00576236308193101,0.005658063708416594,0.005682919445430978,0.005889500312389773
model_15,freq,1,0,0,0.2621257870706647,0.2620145800747401,0.2713782456256969,0.261446145231492
model_15,freq,2,0,0,0.39438302010814097,0.3933923709686441,0.3934834800478838,0.39786445865200415
model_15,freq,3,0,0,0.44819022037867273,0.4432049862499843,0.4462386429067269,0.44607461908290624
model_15,freq,4,0,0,0.49064507244388045,0.4829186065495483,0.4866494432704843,0.4893055628597096
model_15,freq,5,0,0,0.51279235905114,0.5122296711284869,0.5102057449880044,0.5143028576601237
model_15,freq,1,1,1,0.19437729328492925,0.1928025821363305,0.19108017064795213,0.1895652869336204
model_15,freq,5,1,1,0.503922806936203,0.5020426981170207,0.5040813560140258,0.5072027173743381
model_15,freq,4,2,2,0.4660625319732301,0.4641176153193596,0.4658785866582219,0.4629303154191988
model_15,freq,4,4,4,0.4455824526607981,0.44347119107523836,0.4463428140080168,0.4473023793225239
model_15,freq,2,2,2,0.33845036835780506,0.3447365964778554,0.33668824671431297,0.3402782327962167
model_16,freq,0,0,0,-2.76789468659553,-2.771611440218459,-2.7495167212751204,-2.7695804050831634
model_16,freq,1,0,0,-2.7147208441449395,-2.7358782271171798,-2.7236734757704153,-2.74211425738763
model_16,freq,2,0,0,-2.718219786277254,-2.747182738481975,-2.7398658775148834,-2.72442972261331
model_16,freq,3,0,0,-2.7088981961925644,-2.733649169649314,-2.729836968043227,-2.723383770422675
model_16,freq,4,0,0,-2.726837724050026,-2.7507554201726614,-2.731583762661852,-2.7403165817469137
model_16,freq,5,0,0,-2.7208011251207704,-2.7464522253620514,-2.715918286674771,-2.752100847753477
model_16,freq,1,1,1,-2.731086111681221,-2.7461294244232533,-2.73324273110546,-2.742328175083668
model_16,freq,5,1,1,-2.7208011251207704,-2.75498792500948,-2.715918286674771,-2.7554511085778186
model_16,freq,4,2,2,-2.7349436951373898,-2.751021089004665,-2.731514220293001,-2.7403165817469137
model_16,freq,4,4,4,-2.7387466522543145,-2.751021089004665,-2.731514220293001,-2.7403165817469137
model_16,freq,2,2,2,-2.7214757063116126,-2.7641530310022686,-2.718518282455865,-2.7252110439160906
model_17,freq,0,0,0,-2.728435058287373,-2.7423663050408433,-2.732713967434878,-2.7453298783042186
model_17,freq,1,0,0,-2.1548487011149082,-2.257089947387282,-2.114686340106776,-2.160123576114643
model_17,freq,2,0,0,-2.7399299740318517,-2.802272810680013,-2.4642934198400366,-2.817943123945232
model_17,freq,3,0,0,-2.778018842761472,-2.7737388771200444,-2.5620617556854035,-2.987955657986773
model_17,freq,4,0,0,-2.781468820442232,-2.6123857496046257,-2.858430482240345,-2.6832772291246463
model_17,freq,5,0,0,-3.1769577470677595,-2.931201217470745,-3.0934370372492612,-3.286142347027303
model_17,freq,1,1,1,-2.8572469714026765,-2.6940570598752998,-2.6278511393322344,-2.631955525070791
model_17,freq,5,1,1,-3.583507903050048,-3.7660124389805416,-2.995367237394633,-3.593933337689604
model_17,freq,4,2,2,-3.7697803361041187,-2.738028053317902,-2.934299883712691,-3.047869267889604
model_17,freq,4,4,4,-4.392796489774056,-2.8723327383490953,-3.786886623895364,-3.550954824759881
model_17,freq,2,2,2,-3.7473024157644828,-3.2920688855805595,-3.667500751365373,-3.3326432357067244
model_18,freq,0,0,0,-2.76789468659553,-2.771611440218459,-2.7495167212751204,-2.7695804050831634
model_18,freq,1,0,0,-2.7147208441449395,-2.7358782271171798,-2.7236734757704153,-2.74211425738763
model_18,freq,2,0,0,-2.718219786277254,-2.747182738481975,-2.7398658775148834,-2.72442972261331
model_18,freq,3,0,0,-2.7088981961925644,-2.733649169649314,-2.729836968043227,-2.723383770422675
model_18,freq,4,0,0,-2.726837724050026,-2.7507554201726614,-2.731583762661852,-2.7403165817469137
model_18,freq,5,0,0,-2.7208011251207704,-2.7464522253620514,-2.715918286674771,-2.752100847753477
model_18,freq,1,1,1,-2.731086111681221,-2.7461294244232533,-2.73324273110546,-2.742328175083668
model_18,freq,5,1,1,-2.7208011251207704,-2.75498792500948,-2.715918286674771,-2.7554511085778186
model_18,freq,4,2,2,-2.7349436951373898,-2.751021089004665,-2.731514220293001,-2.7403165817469137
model_18,freq,4,4,4,-2.7387466522543145,-2.751021089004665,-2.731514220293001,-2.7403165817469137
model_18,freq,2,2,2,-2.7214757063116126,-2.7641530310022686,-2.718518282455865,-2.7252110439160906
model_19,freq,0,0,0,-2.728435058287373,-2.7423663050408433,-2.732713967434878,-2.7453298783042186
model_19,freq,1,0,0,-2.1548487011149082,-2.257089947387282,-2.114686340106776,-2.160123576114643
model_19,freq,2,0,0,-2.7399299740318517,-2.802272810680013,-2.4642934198400366,-2.817943123945232
model_19,freq,3,0,0,-2.778018842761472,-2.7737388771200444,-2.5620617556854035,-2.987955657986773
model_19,freq,4,0,0,-2.781468820442232,-2.6123857496046257,-2.858430482240345,-2.6832772291246463
model_19,freq,5,0,0,-3.1769577470677595,-2.931201217470745,-3.0934370372492612,-3.286142347027303
model_19,freq,1,1,1,-2.8572469714026765,-2.6940570598752998,-2.6278511393322344,-2.631955525070791
model_19,freq,5,1,1,-3.583507903050048,-3.7660124389805416,-2.995367237394633,-3.593933337689604
model_19,freq,4,2,2,-3.7697803361041187,-2.738028053317902,-2.934299883712691,-3.047869267889604
model_19,freq,4,4,4,-4.392796489774056,-2.8723327383490953,-3.786886623895364,-3.550954824759881
model_19,freq,2,2,2,-3.7473024157644828,-3.2920688855805595,-3.667500751365373,-3.3326432357067244
model_20,freq,0,0,0,-2.76789468659553,-2.771611440218459,-2.7495167212751204,-2.7695804050831634
model_20,freq,1,0,0,-2.7147208441449395,-2.7358782271171798,-2.7236734757704153,-2.74211425738763
model_20,freq,2,0,0,-2.718219786277254,-2.747182738481975,-2.7398658775148834,-2.72442972261331
model_20,freq,3,0,0,-2.7088981961925644,-2.733649169649314,-2.729836968043227,-2.723383770422675
model_20,freq,4,0,0,-2.726837724050026,-2.7507554201726614,-2.731583762661852,-2.7403165817469137
model_20,freq,5,0,0,-2.7208011251207704,-2.7464522253620514,-2.715918286674771,-2.752100847753477
model_20,freq,1,1,1,-2.731086111681221,-2.7461294244232533,-2.73324273110546,-2.742328175083668
model_20,freq,5,1,1,-2.7208011251207704,-2.75498792500948,-2.715918286674771,-2.7554511085778186
model_20,freq,4,2,2,-2.7349436951373898,-2.751021089004665,-2.731514220293001,-2.7403165817469137
model_20,freq,4,4,4,-2.7387466522543145,-2.751021089004665,-2.731514220293001,-2.7403165817469137
model_20,freq,2,2,2,-2.7214757063116126,-2.7641530310022686,-2.718518282455865,-2.7252110439160906
model_21,freq,0,0,0,-2.728435058287373,-2.7423663050408433,-2.732713967434878,-2.7453298783042186
model_21,freq,1,0,0,-2.1548487011149082,-2.257089947387282,-2.114686340106776,-2.160123576114643
model_21,freq,2,0,0,-2.7399299740318517,-2.802272810680013,-2.4642934198400366,-2.817943123945232
model_21,freq,3,0,0,-2.778018842761472,-2.7737388771200444,-2.5620617556854035,-2.987955657986773
model_21,freq,4,0,0,-2.781468820442232,-2.6123857496046257,-2.858430482240345,-2.6832772291246463
model_21,freq,5,0,0,-3.1769577470677595,-2.931201217470745,-3.0934370372492612,-3.286142347027303
model_21,freq,1,1,1,-2.8572469714026765,-2.6940570598752998,-2.6278511393322344,-2.631955525070791
model_21,freq,5,1,1,-3.583507903050048,-3.7660124389805416,-2.995367237394633,-3.593933337689604
model_21,freq,4,2,2,-3.7697803361041187,-2.738028053317902,-2.934299883712691,-3.047869267889604
model_21,freq,4,4,4,-4.392796489774056,-2.8723327383490953,-3.786886623895364,-3.550954824759881
model_21,freq,2,2,2,-3.7473024157644828,-3.2920688855805595,-3.667500751365373,-3.3326432357067244
model_22,freq,0,0,0,-2.76789468659553,-2.771611440218459,-2.7495167212751204,-2.7695804050831634
model_22,freq,1,0,0,-2.7147208441449395,-2.7358782271171798,-2.7236734757704153,-2.74211425738763
model_22,freq,2,0,0,-2.718219786277254,-2.747182738481975,-2.7398658775148834,-2.72442972261331
model_22,freq,3,0,0,-2.7088981961925644,-2.733649169649314,-2.729836968043227,-2.723383770422675
model_22,freq,4,0,0,-2.726837724050026,-2.7507554201726614,-2.731583762661852,-2.7403165817469137
model_22,freq,5,0,0,-2.7208011251207704,-2.7464522253620514,-2.715918286674771,-2.752100847753477
model_22,freq,1,1,1,-2.731086111681221,-2.7461294244232533,-2.73324273110546,-2.742328175083668
model_22,freq,5,1,1,-2.7208011251207704,-2.75498792500948,-2.715918286674771,-2.7554511085778186
model_22,freq,4,2,2,-2.7349436951373898,-2.751021089004665,-2.731514220293001,-2.7403165817469137
model_22,freq,4,4,4,-2.7387466522543145,-2.751021089004665,-2.731514220293001,-2.7403165817469137
model_22,freq,2,2,2,-2.7214757063116126,-2.7641530310022686,-2.718518282455865,-2.7252110439160906
model_23,freq,0,0,0,-2.728435058287373,-2.7423663050408433,-2.732713967434878,-2.7453298783042186
model_23,freq,1,0,0,-2.1548487011149082,-2.257089947387282,-2.114686340106776,-2.160123576114643
model_23,freq,2,0,0,-2.7399299740318517,-2.802272810680013,-2.4642934198400366,-2.817943123945232
model_23,freq,3,0,0,-2.778018842761472,-2.7737388771200444,-2.5620617556854035,-2.987955657986773
model_23,freq,4,0,0,-2.781468820442232,-2.6123857496046257,-2.858430482240345,-2.6832772291246463
model_23,freq,5,0,0,-3.1769577470677595,-2.931201217470745,-3.0934370372492612,-3.286142347027303
model_23,freq,1,1,1,-2.8572469714026765,-2.6940570598752998,-2.6278511393322344,-2.631955525070791
model_23,freq,5,1,1,-3.583507903050048,-3.7660124389805416,-2.995367237394633,-3.593933337689604
model_23,freq,4,2,2,-3.7697803361041187,-2.738028053317902,-2.934299883712691,-3.047869267889604
model_23,freq,4,4,4,-4.392796489774056,-2.8723327383490953,-3.786886623895364,-3.550954824759881
model_23,freq,2,2,2,-3.7473024157644828,-3.2920688855805595,-3.667500751365373,-3.3326432357067244
